{"stats":{"minecraft:mined":{"minecraft:oak_log":2,"minecraft:oak_leaves":5},"minecraft:used":{"minecraft:oak_log":2,"minecraft:stone_axe":1},"minecraft:custom":{"minecraft:jump":32,"minecraft:time_since_rest":3735,"minecraft:leave_game":2,"minecraft:play_time":3735,"minecraft:sprint_one_cm":3640,"minecraft:time_since_death":3735,"minecraft:walk_one_cm":11624,"minecraft:total_world_time":3735,"minecraft:fall_one_cm":687,"minecraft:fly_one_cm":4357},"minecraft:picked_up":{"minecraft:oak_log":2}},"DataVersion":3953}